{
	"schemaVersion": 1,
	"id": "skyland-enchant",
	"version": "${version}",
	"name": "Skyland Enchant",
	"description": "This is an example description! Tell everyone what your mod is about!",
	"authors": [
		"Me!"
	],
	"contact": {
		"homepage": "https://fabricmc.net/",
		"sources": "https://github.com/FabricMC/fabric-example-mod"
	},
	"license": "CC0-1.0",
	"icon": "assets/skyland-enchant/icon.png",
	"environment": "*",
	"entrypoints": {
		"main": [
			"net.elliot.skylandenchant.SkylandEnchant"
		],
		"fabric-datagen": [
			"net.elliot.skylandenchant.SkylandEnchantDataGenerator"
		]
	},
	"mixins": [
		"skyland-enchant.mixins.json"
	],
	"depends": {
		"fabricloader": ">=0.15.11",
		"minecraft": "~1.21",
		"java": ">=21",
		"fabric-api": "*"
	},
	"suggests": {
		"another-mod": "*"
	}
}